crop_year,area_harvest,yield,production,imports,exports,total_consumption,ending_stocks,country
 2016/17,204,4.23,863,5,343,525,409,Argentina
 2017/18,198,4.49,889,8,400,530,376,Argentina
 2018/19,200,4.23,845,8,400,540,289,Argentina
 2019/20,200,4.40,881,8,398,545,236,Argentina
 2020/21,204,4.42,901,8,393,549,203,Argentina
 2021/22,207,4.45,923,8,397,553,184,Argentina
 2022/23,211,4.48,946,8,395,558,185,Argentina
 2023/24,211,4.50,947,8,393,562,185,Argentina
 2024/25,211,4.52,954,8,395,566,186,Argentina
 2025/26,212,4.54,962,8,398,571,186,Argentina
 2026/27,213,4.56,973,8,406,575,187,Argentina
 2027/28,215,4.59,985,8,414,578,187,Argentina
 2028/29,215,4.61,993,8,418,583,188,Argentina
 2016/17,82,7.09,581,161,226,385,208,Australia
 2017/18,60,7.57,454,155,250,390,177,Australia
 2018/19,55,7.45,410,160,250,400,97,Australia
 2019/20,66,7.60,498,169,251,407,106,Australia
 2020/21,65,7.62,497,172,253,412,110,Australia
 2021/22,65,7.65,500,176,250,418,118,Australia
 2022/23,66,7.66,504,180,250,424,127,Australia
 2023/24,66,7.67,507,185,250,431,138,Australia
 2024/25,66,7.69,509,190,249,439,149,Australia
 2025/26,66,7.72,507,195,243,446,162,Australia
 2026/27,66,7.74,509,200,243,453,175,Australia
 2027/28,66,7.77,513,206,245,460,190,Australia
 2028/29,66,7.80,515,213,248,465,205,Australia
 2016/17,11748,2.94,34578,75,4,35000,854,Bangladesh
 2017/18,11272,2.90,32650,3200,4,35200,1500,Bangladesh
 2018/19,11660,2.95,34400,1200,0,35500,1600,Bangladesh
 2019/20,11719,2.96,34657,1093,0,35720,1630,Bangladesh
 2020/21,11707,2.97,34723,997,0,35710,1640,Bangladesh
 2021/22,11716,2.97,34850,995,0,35833,1652,Bangladesh
 2022/23,11717,2.98,34946,975,0,35910,1663,Bangladesh
 2023/24,11717,2.99,35042,967,0,35997,1675,Bangladesh
 2024/25,11715,3.00,35130,955,0,36078,1682,Bangladesh
 2025/26,11718,3.01,35234,936,0,36159,1693,Bangladesh
 2026/27,11724,3.01,35344,927,0,36260,1704,Bangladesh
 2027/28,11729,3.02,35450,923,0,36366,1711,Bangladesh
 2028/29,11732,3.03,35547,908,0,36443,1723,Bangladesh
 2016/17,1981,4.23,8383,614,830,8000,475,Brazil
 2017/18,1973,4.16,8208,675,900,8025,433,Brazil
 2018/19,1960,4.16,8160,650,850,8025,368,Brazil
 2019/20,1954,4.21,8224,650,930,7941,371,Brazil
 2020/21,1961,4.23,8294,650,999,7945,371,Brazil
 2021/22,1968,4.25,8364,650,1061,7951,373,Brazil
 2022/23,1967,4.27,8402,650,1099,7952,374,Brazil
 2023/24,1973,4.29,8466,650,1154,7961,375,Brazil
 2024/25,1982,4.31,8549,650,1206,7993,375,Brazil
 2025/26,1993,4.33,8638,650,1282,8005,376,Brazil
 2026/27,2005,4.35,8730,649,1345,8033,377,Brazil
 2027/28,2017,4.37,8821,650,1411,8059,378,Brazil
 2028/29,2028,4.39,8903,650,1493,8059,379,Brazil
 2016/17,7030,1.80,12650,10,3350,10000,551,Burma
 2017/18,7100,1.86,13200,10,3000,10100,661,Burma
 2018/19,7100,1.85,13120,10,3000,10100,691,Burma
 2019/20,7091,1.86,13214,10,3067,10084,764,Burma
 2020/21,7082,1.87,13271,10,3186,10070,789,Burma
 2021/22,7079,1.88,13336,10,3268,10053,814,Burma
 2022/23,7088,1.89,13427,11,3379,10033,840,Burma
 2023/24,7094,1.90,13499,11,3476,10007,867,Burma
 2024/25,7094,1.91,13562,11,3560,9987,893,Burma
 2025/26,7096,1.92,13632,11,3654,9962,920,Burma
 2026/27,7100,1.93,13707,11,3758,9933,947,Burma
 2027/28,7105,1.94,13786,11,3874,9896,974,Burma
 2028/29,7114,1.95,13877,12,4003,9858,1002,Burma
 2016/17,3095,1.70,5256,20,1150,4000,373,Cambodia
 2017/18,3180,1.70,5399,20,1250,4100,442,Cambodia
 2018/19,3245,1.69,5500,20,1300,4200,462,Cambodia
 2019/20,3283,1.70,5568,21,1325,4257,469,Cambodia
 2020/21,3331,1.70,5667,21,1375,4311,471,Cambodia
 2021/22,3382,1.71,5771,22,1413,4372,478,Cambodia
 2022/23,3429,1.71,5870,22,1454,4430,486,Cambodia
 2023/24,3474,1.72,5965,22,1493,4486,494,Cambodia
 2024/25,3511,1.72,6047,23,1522,4540,501,Cambodia
 2025/26,3549,1.73,6130,23,1556,4589,509,Cambodia
 2026/27,3585,1.73,6212,23,1588,4639,517,Cambodia
 2027/28,3620,1.74,6291,24,1621,4686,525,Cambodia
 2028/29,3655,1.74,6372,24,1653,4735,533,Cambodia
 2016/17,     --,     --,     --,362,8,354,0,Canada
 2017/18,     --,     --,     --,370,8,362,0,Canada
 2018/19,     --,     --,     --,380,8,372,0,Canada
 2019/20,     --,     --,     --,385,8,377,0,Canada
 2020/21,     --,     --,     --,388,8,380,0,Canada
 2021/22,     --,     --,     --,392,8,384,0,Canada
 2022/23,     --,     --,     --,395,8,387,0,Canada
 2023/24,     --,     --,     --,399,8,391,0,Canada
 2024/25,     --,     --,     --,402,8,394,0,Canada
 2025/26,     --,     --,     --,406,8,398,0,Canada
 2026/27,     --,     --,     --,409,8,401,0,Canada
 2027/28,     --,     --,     --,413,8,405,0,Canada
 2028/29,     --,     --,     --,416,8,408,0,Canada
 2016/17,504,2.74,1383,1244,40,2531,600,Central AM & Carribean
 2017/18,506,2.68,1354,1280,38,2554,642,Central AM & Carribean
 2018/19,502,2.74,1375,1370,31,2663,693,Central AM & Carribean
 2019/20,505,2.76,1394,1382,31,2737,701,Central AM & Carribean
 2020/21,508,2.78,1413,1433,31,2807,709,Central AM & Carribean
 2021/22,509,2.80,1428,1461,31,2850,717,Central AM & Carribean
 2022/23,511,2.82,1442,1478,31,2881,725,Central AM & Carribean
 2023/24,511,2.85,1455,1512,31,2928,733,Central AM & Carribean
 2024/25,514,2.87,1474,1549,31,2984,741,Central AM & Carribean
 2025/26,518,2.89,1495,1588,31,3044,749,Central AM & Carribean
 2026/27,519,2.91,1511,1624,31,3096,758,Central AM & Carribean
 2027/28,521,2.93,1528,1659,31,3148,766,Central AM & Carribean
 2028/29,523,2.96,1545,1692,31,3198,774,Central AM & Carribean
 2016/17,30178,4.80,144953,5300,805,141448,86500,China
 2017/18,30176,4.84,145989,5500,1386,142103,94500,China
 2018/19,29500,4.77,140800,5000,1800,142500,96000,China
 2019/20,29262,4.81,140876,4860,1849,142740,97147,China
 2020/21,29108,4.85,141031,4756,1951,142416,98567,China
 2021/22,29059,4.88,141745,4690,2064,141817,101121,China
 2022/23,29126,4.90,142600,4610,2142,141808,104381,China
 2023/24,29174,4.91,143305,4583,2221,142349,107699,China
 2024/25,29185,4.93,143919,4541,2322,142727,111110,China
 2025/26,29188,4.95,144537,4512,2435,143290,114434,China
 2026/27,29213,4.97,145241,4473,2538,143589,118021,China
 2027/28,29267,4.99,146079,4432,2654,143878,122000,China
 2028/29,29271,5.01,146661,4409,2738,143983,126349,China
 2016/17,140,2.39,335,524,0,859,0,Cuba
 2017/18,190,1.95,370,460,0,830,0,Cuba
 2018/19,165,2.27,375,550,0,925,0,Cuba
 2019/20,166,2.28,378,546,0,925,0,Cuba
 2020/21,166,2.29,380,541,0,921,0,Cuba
 2021/22,166,2.30,383,539,0,922,0,Cuba
 2022/23,167,2.32,386,532,0,918,0,Cuba
 2023/24,167,2.33,388,529,0,917,0,Cuba
 2024/25,167,2.34,391,525,0,916,0,Cuba
 2025/26,168,2.35,394,523,0,917,0,Cuba
 2026/27,168,2.36,396,522,0,918,0,Cuba
 2027/28,168,2.37,398,520,0,918,0,Cuba
 2028/29,168,2.38,400,518,0,918,0,Cuba
 2016/17,4876,1.50,7295,6460,160,13487,1253,West Africa
 2017/18,4835,1.57,7580,6975,170,14316,1322,West Africa
 2018/19,4863,1.56,7593,7490,180,14873,1352,West Africa
 2019/20,4942,1.58,7827,7725,183,15335,1386,West Africa
 2020/21,5063,1.60,8124,7940,186,15845,1419,West Africa
 2021/22,5172,1.63,8407,8195,187,16381,1453,West Africa
 2022/23,5268,1.65,8670,8521,188,16969,1487,West Africa
 2023/24,5356,1.67,8928,8772,189,17477,1521,West Africa
 2024/25,5451,1.69,9197,9108,190,18083,1553,West Africa
 2025/26,5537,1.71,9457,9456,191,18689,1586,West Africa
 2026/27,5621,1.73,9721,9778,192,19273,1620,West Africa
 2027/28,5714,1.75,10007,10102,193,19886,1650,West Africa
 2028/29,5805,1.77,10294,10467,194,20536,1681,West Africa
 2016/17,850,5.65,4800,102,100,4300,1426,Egypt
 2017/18,762,5.64,4300,75,50,4200,1551,Egypt
 2018/19,462,6.06,2800,400,20,4100,631,Egypt
 2019/20,564,6.43,3629,622,20,4221,641,Egypt
 2020/21,571,6.46,3692,662,20,4327,648,Egypt
 2021/22,578,6.50,3754,701,20,4431,652,Egypt
 2022/23,584,6.54,3818,724,20,4519,655,Egypt
 2023/24,589,6.58,3879,749,20,4606,657,Egypt
 2024/25,596,6.62,3949,762,20,4690,658,Egypt
 2025/26,603,6.67,4018,775,20,4771,660,Egypt
 2026/27,609,6.71,4087,788,20,4854,661,Egypt
 2027/28,615,6.75,4153,800,20,4931,663,Egypt
 2028/29,621,6.80,4220,814,20,5013,664,Egypt
 2016/17,440,4.72,2078,1841,319,3600,1183,EU
 2017/18,431,4.73,2037,2000,360,3700,1160,EU
 2018/19,419,4.78,2004,2000,350,3750,1064,EU
 2019/20,430,4.81,2068,2083,350,3811,1054,EU
 2020/21,430,4.82,2075,2141,350,3877,1043,EU
 2021/22,431,4.83,2081,2206,350,3947,1033,EU
 2022/23,432,4.83,2088,2271,350,4019,1023,EU
 2023/24,433,4.84,2096,2335,350,4091,1013,EU
 2024/25,434,4.85,2104,2379,350,4143,1003,EU
 2025/26,435,4.85,2112,2422,350,4194,993,EU
 2026/27,437,4.85,2120,2465,350,4245,983,EU
 2027/28,438,4.86,2129,2507,350,4296,973,EU
 2028/29,440,4.86,2139,2550,350,4349,963,EU
 2016/17,     --,     --,     --,334,0,334,0,Hong Kong
 2017/18,     --,     --,     --,345,0,345,0,Hong Kong
 2018/19,     --,     --,     --,345,0,345,0,Hong Kong
 2019/20,     --,     --,     --,349,0,349,0,Hong Kong
 2020/21,     --,     --,     --,349,0,349,0,Hong Kong
 2021/22,     --,     --,     --,350,0,350,0,Hong Kong
 2022/23,     --,     --,     --,350,0,350,0,Hong Kong
 2023/24,     --,     --,     --,351,0,351,0,Hong Kong
 2024/25,     --,     --,     --,351,0,351,0,Hong Kong
 2025/26,     --,     --,     --,352,0,352,0,Hong Kong
 2026/27,     --,     --,     --,353,0,353,0,Hong Kong
 2027/28,     --,     --,     --,353,0,353,0,Hong Kong
 2028/29,     --,     --,     --,353,0,353,0,Hong Kong
 2016/17,43993,2.49,109698,0,11772,95776,20550,India
 2017/18,43789,2.58,112910,0,12800,98660,22000,India
 2018/19,44000,2.52,111000,0,13000,100000,20000,India
 2019/20,44431,2.55,113102,0,13105,99152,20845,India
 2020/21,44533,2.57,114421,0,13235,100621,21410,India
 2021/22,44525,2.59,115427,0,13378,101692,21767,India
 2022/23,44498,2.61,116354,0,13476,102651,21994,India
 2023/24,44489,2.64,117298,0,13610,103592,22090,India
 2024/25,44471,2.66,118193,0,13761,104492,22030,India
 2025/26,44434,2.68,119013,0,13891,105338,21814,India
 2026/27,44415,2.70,119857,0,14057,106168,21446,India
 2027/28,44393,2.72,120673,0,14197,106984,20938,India
 2028/29,44371,2.74,121464,0,14337,107746,20319,India
 2016/17,12240,3.01,36858,350,2,37800,2915,Indonesia
 2017/18,12250,3.02,37000,2000,2,38000,3913,Indonesia
 2018/19,12240,3.05,37300,1200,2,38200,4211,Indonesia
 2019/20,12239,3.06,37415,1137,2,38460,4301,Indonesia
 2020/21,12219,3.06,37438,1151,2,38509,4379,Indonesia
 2021/22,12205,3.07,37457,1146,2,38524,4456,Indonesia
 2022/23,12204,3.07,37498,1151,2,38577,4526,Indonesia
 2023/24,12201,3.07,37506,1160,2,38594,4596,Indonesia
 2024/25,12205,3.08,37556,1155,2,38637,4668,Indonesia
 2025/26,12213,3.08,37617,1137,2,38679,4741,Indonesia
 2026/27,12215,3.08,37666,1117,2,38708,4814,Indonesia
 2027/28,12217,3.09,37739,1096,2,38757,4890,Indonesia
 2028/29,12216,3.09,37752,1073,2,38751,4962,Indonesia
 2016/17,625,2.66,1663,1600,0,3100,551,Iran
 2017/18,625,2.75,1716,1300,0,3150,417,Iran
 2018/19,625,2.72,1700,1400,0,3150,367,Iran
 2019/20,622,2.73,1701,1625,0,3325,368,Iran
 2020/21,624,2.75,1714,1629,0,3331,380,Iran
 2021/22,625,2.76,1725,1647,0,3359,393,Iran
 2022/23,624,2.77,1732,1668,0,3385,408,Iran
 2023/24,623,2.79,1738,1688,0,3410,424,Iran
 2024/25,625,2.80,1752,1702,0,3437,441,Iran
 2025/26,627,2.82,1767,1717,0,3465,460,Iran
 2026/27,628,2.83,1778,1728,0,3485,481,Iran
 2027/28,631,2.85,1794,1736,0,3508,503,Iran
 2028/29,632,2.86,1806,1744,0,3525,528,Iran
 2016/17,55,2.20,121,1070,0,1175,73,Iraq
 2017/18,85,2.47,210,1150,0,1300,133,Iraq
 2018/19,20,2.15,43,1300,0,1325,151,Iraq
 2019/20,50,2.49,126,1254,0,1363,168,Iraq
 2020/21,51,2.50,127,1294,0,1402,187,Iraq
 2021/22,51,2.50,128,1333,0,1440,207,Iraq
 2022/23,51,2.50,128,1373,0,1479,230,Iraq
 2023/24,51,2.51,128,1406,0,1510,254,Iraq
 2024/25,51,2.51,129,1441,0,1566,257,Iraq
 2025/26,52,2.51,129,1489,0,1612,264,Iraq
 2026/27,52,2.52,130,1534,0,1657,271,Iraq
 2027/28,52,2.53,131,1581,0,1704,279,Iraq
 2028/29,52,2.53,131,1627,0,1750,287,Iraq
 2016/17,1570,5.05,7929,709,50,8730,2410,Japan
 2017/18,1557,5.00,7787,685,60,8655,2167,Japan
 2018/19,1560,4.94,7700,685,70,8600,1882,Japan
 2019/20,1565,4.98,7796,682,65,8537,1758,Japan
 2020/21,1563,4.98,7791,682,65,8479,1687,Japan
 2021/22,1554,4.99,7756,682,65,8419,1641,Japan
 2022/23,1547,5.00,7728,682,65,8366,1620,Japan
 2023/24,1536,5.00,7680,682,65,8316,1601,Japan
 2024/25,1527,5.01,7643,682,65,8279,1582,Japan
 2025/26,1518,5.01,7605,682,65,8240,1564,Japan
 2026/27,1508,5.02,7564,682,65,8199,1546,Japan
 2027/28,1498,5.02,7522,682,65,8158,1527,Japan
 2028/29,1488,5.03,7479,682,65,8114,1509,Japan
 2016/17,779,5.39,4197,411,4,4651,1784,South Korea
 2017/18,755,5.26,3972,410,63,4875,1228,South Korea
 2018/19,705,5.29,3730,410,53,4475,840,South Korea
 2019/20,707,5.41,3824,410,53,4348,673,South Korea
 2020/21,703,5.48,3849,410,53,4292,587,South Korea
 2021/22,699,5.49,3840,410,53,4242,542,South Korea
 2022/23,693,5.52,3826,410,53,4207,518,South Korea
 2023/24,688,5.54,3813,410,54,4169,519,South Korea
 2024/25,679,5.56,3778,410,54,4128,525,South Korea
 2025/26,670,5.59,3742,410,54,4087,536,South Korea
 2026/27,661,5.60,3704,410,54,4044,552,South Korea
 2027/28,651,5.63,3664,410,54,3999,573,South Korea
 2028/29,641,5.65,3623,410,54,3954,598,South Korea
 2016/17,695,2.62,1820,900,1,2750,429,Malaysia
 2017/18,695,2.62,1820,900,50,2750,349,Malaysia
 2018/19,695,2.62,1820,1000,50,2750,369,Malaysia
 2019/20,695,2.63,1831,1012,50,2780,382,Malaysia
 2020/21,696,2.65,1844,1006,50,2793,390,Malaysia
 2021/22,696,2.66,1854,1014,50,2814,394,Malaysia
 2022/23,696,2.68,1864,1017,50,2830,396,Malaysia
 2023/24,697,2.69,1875,1025,50,2849,397,Malaysia
 2024/25,697,2.71,1887,1028,50,2864,398,Malaysia
 2025/26,697,2.72,1899,1030,50,2878,400,Malaysia
 2026/27,698,2.74,1913,1026,50,2888,401,Malaysia
 2027/28,698,2.76,1925,1027,50,2901,403,Malaysia
 2028/29,699,2.77,1938,1026,50,2913,404,Malaysia
 2016/17,40,4.38,175,870,85,915,172,Mexico
 2017/18,41,4.46,183,850,95,920,190,Mexico
 2018/19,40,4.45,178,880,90,940,218,Mexico
 2019/20,40,4.48,181,887,90,961,234,Mexico
 2020/21,39,4.51,177,898,90,977,242,Mexico
 2021/22,39,4.55,176,910,90,991,247,Mexico
 2022/23,39,4.58,177,923,90,1007,249,Mexico
 2023/24,38,4.62,177,939,90,1026,249,Mexico
 2024/25,38,4.66,179,957,90,1045,251,Mexico
 2025/26,39,4.69,182,976,90,1066,253,Mexico
 2026/27,39,4.73,184,994,90,1087,254,Mexico
 2027/28,39,4.76,186,1012,90,1107,255,Mexico
 2028/29,39,4.79,188,1030,90,1127,256,Mexico
 2016/17,8,4.63,37,15,0,52,0,Morocco
 2017/18,8,5.00,40,20,0,60,0,Morocco
 2018/19,8,5.25,42,20,0,62,0,Morocco
 2019/20,8,5.26,42,21,0,63,0,Morocco
 2020/21,8,5.27,42,24,0,66,0,Morocco
 2021/22,8,5.28,42,25,0,67,0,Morocco
 2022/23,8,5.29,42,26,0,68,0,Morocco
 2023/24,8,5.30,42,27,0,70,0,Morocco
 2024/25,8,5.31,43,28,0,71,0,Morocco
 2025/26,8,5.32,43,29,0,72,0,Morocco
 2026/27,8,5.34,44,29,0,73,0,Morocco
 2027/28,8,5.34,44,30,0,75,0,Morocco
 2028/29,8,5.35,45,32,0,77,0,Morocco
 2016/17,2996,1.26,3780,2500,0,6550,1258,Nigeria
 2017/18,3200,1.18,3780,2600,0,6700,938,Nigeria
 2018/19,3200,1.18,3780,3000,0,6900,818,Nigeria
 2019/20,3245,1.19,3851,3243,0,7121,791,Nigeria
 2020/21,3288,1.19,3911,3393,0,7308,787,Nigeria
 2021/22,3327,1.19,3964,3573,0,7521,803,Nigeria
 2022/23,3361,1.19,4015,3730,0,7725,823,Nigeria
 2023/24,3395,1.20,4066,3861,0,7907,843,Nigeria
 2024/25,3435,1.20,4123,4014,0,8120,860,Nigeria
 2025/26,3471,1.20,4177,4165,0,8324,878,Nigeria
 2026/27,3500,1.20,4215,4371,0,8568,896,Nigeria
 2027/28,3526,1.21,4257,4559,0,8800,912,Nigeria
 2028/29,3552,1.21,4303,4722,0,9007,930,Nigeria
 2016/17,3856,2.45,9464,2071,50,11999,781,Other Asia & Oceania
 2017/18,3945,2.40,9457,2205,80,11714,649,Other Asia & Oceania
 2018/19,4116,2.41,9937,1985,50,11891,630,Other Asia & Oceania
 2019/20,4143,2.46,10176,1962,52,12084,632,Other Asia & Oceania
 2020/21,4160,2.48,10322,1995,54,12255,640,Other Asia & Oceania
 2021/22,4171,2.51,10454,2044,56,12434,648,Other Asia & Oceania
 2022/23,4192,2.53,10594,2057,58,12587,654,Other Asia & Oceania
 2023/24,4221,2.55,10751,2088,59,12770,664,Other Asia & Oceania
 2024/25,4242,2.57,10896,2113,61,12938,674,Other Asia & Oceania
 2025/26,4267,2.59,11049,2136,62,13114,683,Other Asia & Oceania
 2026/27,4289,2.61,11196,2163,64,13285,693,Other Asia & Oceania
 2027/28,4313,2.63,11351,2184,65,13459,704,Other Asia & Oceania
 2028/29,4334,2.65,11499,2208,67,13631,714,Other Asia & Oceania
 2016/17,     --,     --,     --,124,0,134,14,Other Europe
 2017/18,     --,     --,     --,130,0,125,19,Other Europe
 2018/19,     --,     --,     --,130,0,130,19,Other Europe
 2019/20,     --,     --,     --,132,0,132,19,Other Europe
 2020/21,     --,     --,     --,133,0,133,19,Other Europe
 2021/22,     --,     --,     --,134,0,134,19,Other Europe
 2022/23,     --,     --,     --,136,0,136,19,Other Europe
 2023/24,     --,     --,     --,138,0,138,19,Other Europe
 2024/25,     --,     --,     --,140,0,139,19,Other Europe
 2025/26,     --,     --,     --,141,0,141,19,Other Europe
 2026/27,     --,     --,     --,144,0,143,19,Other Europe
 2027/28,     --,     --,     --,146,0,146,20,Other Europe
 2028/29,     --,     --,     --,148,0,147,20,Other Europe
 2016/17,214,2.40,514,217,50,683,37,Other FSU
 2017/18,225,2.40,541,240,60,718,40,Other FSU
 2018/19,220,2.39,525,260,50,732,43,Other FSU
 2019/20,223,2.39,534,247,40,741,43,Other FSU
 2020/21,224,2.40,538,253,40,750,44,Other FSU
 2021/22,224,2.41,541,259,40,759,44,Other FSU
 2022/23,224,2.42,540,268,40,768,45,Other FSU
 2023/24,222,2.42,539,278,40,776,45,Other FSU
 2024/25,222,2.43,539,285,40,783,46,Other FSU
 2025/26,220,2.44,537,293,40,790,46,Other FSU
 2026/27,219,2.45,536,299,40,795,47,Other FSU
 2027/28,218,2.46,536,304,40,799,47,Other FSU
 2028/29,218,2.47,537,306,40,802,48,Other FSU
 2016/17,     --,     --,     --,2335,0,2383,183,Other Middle East
 2017/18,     --,     --,     --,2455,0,2455,183,Other Middle East
 2018/19,     --,     --,     --,2585,0,2560,208,Other Middle East
 2019/20,     --,     --,     --,2643,0,2632,219,Other Middle East
 2020/21,     --,     --,     --,2709,0,2698,230,Other Middle East
 2021/22,     --,     --,     --,2759,0,2747,242,Other Middle East
 2022/23,     --,     --,     --,2810,0,2798,254,Other Middle East
 2023/24,     --,     --,     --,2859,0,2847,266,Other Middle East
 2024/25,     --,     --,     --,2896,0,2884,279,Other Middle East
 2025/26,     --,     --,     --,2953,0,2941,291,Other Middle East
 2026/27,     --,     --,     --,3005,0,2993,304,Other Middle East
 2027/28,     --,     --,     --,3038,0,3025,317,Other Middle East
 2028/29,     --,     --,     --,3090,0,3077,329,Other Middle East
 2016/17,     --,     --,     --,372,0,372,0,Other North Africa
 2017/18,     --,     --,     --,420,0,420,0,Other North Africa
 2018/19,     --,     --,     --,430,0,430,0,Other North Africa
 2019/20,     --,     --,     --,441,0,441,0,Other North Africa
 2020/21,     --,     --,     --,452,0,452,0,Other North Africa
 2021/22,     --,     --,     --,463,0,463,0,Other North Africa
 2022/23,     --,     --,     --,474,0,474,0,Other North Africa
 2023/24,     --,     --,     --,486,0,486,0,Other North Africa
 2024/25,     --,     --,     --,498,0,498,0,Other North Africa
 2025/26,     --,     --,     --,510,0,510,0,Other North Africa
 2026/27,     --,     --,     --,522,0,522,0,Other North Africa
 2027/28,     --,     --,     --,534,0,534,0,Other North Africa
 2028/29,     --,     --,     --,547,0,547,0,Other North Africa
 2016/17,2084,3.56,7427,1127,2165,6436,876,Other South America
 2017/18,2194,3.56,7821,1215,2175,6680,1057,Other South America
 2018/19,2048,3.65,7471,1172,2085,6679,936,Other South America
 2019/20,2149,3.67,7883,1153,2196,6759,1017,Other South America
 2020/21,2155,3.68,7931,1208,2245,6892,1019,Other South America
 2021/22,2167,3.70,8021,1222,2292,6950,1020,Other South America
 2022/23,2178,3.72,8110,1233,2329,7013,1021,Other South America
 2023/24,2190,3.75,8202,1245,2376,7070,1022,Other South America
 2024/25,2202,3.77,8297,1253,2413,7136,1023,Other South America
 2025/26,2213,3.79,8391,1259,2472,7178,1023,Other South America
 2026/27,2225,3.81,8487,1266,2509,7243,1024,Other South America
 2027/28,2237,3.84,8585,1267,2560,7291,1025,Other South America
 2028/29,2249,3.86,8683,1272,2606,7348,1026,Other South America
 2016/17,4107,1.43,5889,4045,80,9812,206,Other Sub-Saharan Africa
 2017/18,4074,1.29,5273,4435,80,9624,210,Other Sub-Saharan Africa
 2018/19,4149,1.46,6045,4265,90,10211,219,Other Sub-Saharan Africa
 2019/20,4186,1.47,6159,4351,94,10448,188,Other Sub-Saharan Africa
 2020/21,4254,1.49,6322,4574,97,10773,214,Other Sub-Saharan Africa
 2021/22,4291,1.50,6441,4686,99,11042,201,Other Sub-Saharan Africa
 2022/23,4340,1.52,6581,4790,103,11281,188,Other Sub-Saharan Africa
 2023/24,4399,1.53,6737,4885,107,11513,190,Other Sub-Saharan Africa
 2024/25,4463,1.55,6903,4975,110,11763,195,Other Sub-Saharan Africa
 2025/26,4515,1.56,7053,5065,114,12024,175,Other Sub-Saharan Africa
 2026/27,4563,1.58,7198,5160,117,12271,145,Other Sub-Saharan Africa
 2027/28,4622,1.59,7365,5253,120,12518,124,Other Sub-Saharan Africa
 2028/29,4680,1.61,7532,5345,124,12772,105,Other Sub-Saharan Africa
 2016/17,2724,2.51,6849,10,3516,3100,1367,Pakistan
 2017/18,2800,2.68,7500,0,4300,3200,1367,Pakistan
 2018/19,2800,2.64,7400,0,4250,3300,1217,Pakistan
 2019/20,2827,2.68,7565,0,4250,3346,1186,Pakistan
 2020/21,2828,2.70,7635,0,4250,3396,1175,Pakistan
 2021/22,2824,2.72,7689,0,4250,3449,1165,Pakistan
 2022/23,2824,2.74,7739,0,4250,3499,1155,Pakistan
 2023/24,2823,2.76,7785,0,4250,3546,1144,Pakistan
 2024/25,2822,2.77,7827,0,4250,3587,1134,Pakistan
 2025/26,2822,2.79,7870,0,4250,3631,1123,Pakistan
 2026/27,2823,2.80,7915,0,4250,3675,1113,Pakistan
 2027/28,2825,2.82,7960,0,4249,3721,1103,Pakistan
 2028/29,2828,2.83,8011,1,4250,3773,1092,Pakistan
 2016/17,4723,2.47,11686,1100,0,12900,2003,Philippines
 2017/18,4844,2.53,12235,1300,0,13250,2288,Philippines
 2018/19,4805,2.53,12150,1800,0,13500,2738,Philippines
 2019/20,4792,2.54,12164,1660,0,13704,2858,Philippines
 2020/21,4790,2.55,12218,1658,0,13819,2915,Philippines
 2021/22,4794,2.56,12292,1655,0,13915,2947,Philippines
 2022/23,4806,2.58,12378,1652,0,13997,2980,Philippines
 2023/24,4819,2.59,12473,1652,0,14092,3013,Philippines
 2024/25,4836,2.60,12586,1650,0,14202,3047,Philippines
 2025/26,4854,2.61,12691,1648,0,14305,3081,Philippines
 2026/27,4867,2.63,12784,1643,0,14393,3115,Philippines
 2027/28,4882,2.64,12880,1639,0,14485,3149,Philippines
 2028/29,4899,2.65,12980,1633,0,14579,3183,Philippines
 2016/17,204,3.45,703,244,175,750,118,Russia
 2017/18,186,3.45,642,260,160,755,105,Russia
 2018/19,181,3.43,620,270,160,760,75,Russia
 2019/20,189,3.43,647,268,156,760,74,Russia
 2020/21,190,3.44,654,270,162,758,78,Russia
 2021/22,191,3.46,662,266,168,755,82,Russia
 2022/23,193,3.48,671,261,174,753,88,Russia
 2023/24,194,3.50,679,253,178,748,94,Russia
 2024/25,195,3.52,686,243,182,740,101,Russia
 2025/26,197,3.53,695,234,186,736,107,Russia
 2026/27,198,3.55,702,224,187,731,114,Russia
 2027/28,199,3.57,709,216,191,728,120,Russia
 2028/29,201,3.58,719,207,194,725,127,Russia
 2016/17,     --,     --,     --,1195,0,1350,255,Saudi Arabia
 2017/18,     --,     --,     --,1250,0,1300,205,Saudi Arabia
 2018/19,     --,     --,     --,1300,0,1300,205,Saudi Arabia
 2019/20,     --,     --,     --,1329,0,1325,209,Saudi Arabia
 2020/21,     --,     --,     --,1373,0,1363,219,Saudi Arabia
 2021/22,     --,     --,     --,1401,0,1389,231,Saudi Arabia
 2022/23,     --,     --,     --,1450,0,1436,245,Saudi Arabia
 2023/24,     --,     --,     --,1496,0,1481,260,Saudi Arabia
 2024/25,     --,     --,     --,1536,0,1520,276,Saudi Arabia
 2025/26,     --,     --,     --,1577,0,1559,294,Saudi Arabia
 2026/27,     --,     --,     --,1617,0,1598,313,Saudi Arabia
 2027/28,     --,     --,     --,1658,0,1637,334,Saudi Arabia
 2028/29,     --,     --,     --,1699,0,1675,358,Saudi Arabia
 2016/17,     --,     --,     --,1005,140,860,15,South Africa Republic
 2017/18,     --,     --,     --,1000,120,850,45,South Africa Republic
 2018/19,     --,     --,     --,1000,150,860,35,South Africa Republic
 2019/20,     --,     --,     --,1036,155,871,46,South Africa Republic
 2020/21,     --,     --,     --,1038,156,881,47,South Africa Republic
 2021/22,     --,     --,     --,1052,158,892,49,South Africa Republic
 2022/23,     --,     --,     --,1063,161,901,50,South Africa Republic
 2023/24,     --,     --,     --,1074,163,909,52,South Africa Republic
 2024/25,     --,     --,     --,1088,165,921,53,South Africa Republic
 2025/26,     --,     --,     --,1101,168,932,55,South Africa Republic
 2026/27,     --,     --,     --,1114,170,943,56,South Africa Republic
 2027/28,     --,     --,     --,1124,172,951,58,South Africa Republic
 2028/29,     --,     --,     --,1133,173,958,59,South Africa Republic
 2016/17,260,4.40,1144,113,20,1140,340,Taiwan
 2017/18,256,4.45,1138,120,50,1150,398,Taiwan
 2018/19,256,4.45,1138,120,50,1200,406,Taiwan
 2019/20,256,4.44,1136,125,62,1219,386,Taiwan
 2020/21,257,4.45,1144,125,62,1227,366,Taiwan
 2021/22,261,4.46,1164,125,63,1226,366,Taiwan
 2022/23,260,4.47,1161,125,61,1225,366,Taiwan
 2023/24,259,4.48,1159,125,61,1223,366,Taiwan
 2024/25,258,4.49,1156,125,61,1220,366,Taiwan
 2025/26,257,4.49,1155,125,63,1217,366,Taiwan
 2026/27,257,4.49,1153,125,64,1214,366,Taiwan
 2027/28,256,4.49,1151,125,64,1212,366,Taiwan
 2028/29,256,4.49,1148,125,65,1208,366,Taiwan
 2016/17,10247,1.87,19200,250,11615,12000,4238,Thailand
 2017/18,10684,1.91,20370,250,10500,11170,3188,Thailand
 2018/19,11140,1.90,21200,250,11000,10200,3438,Thailand
 2019/20,11167,1.91,21309,245,11210,10194,3588,Thailand
 2020/21,11148,1.92,21423,240,11438,10188,3625,Thailand
 2021/22,11184,1.93,21638,235,11643,10191,3664,Thailand
 2022/23,11221,1.95,21850,231,11841,10198,3706,Thailand
 2023/24,11235,1.96,22012,226,12000,10195,3749,Thailand
 2024/25,11246,1.97,22169,222,12179,10169,3792,Thailand
 2025/26,11251,1.98,22320,217,12340,10154,3835,Thailand
 2026/27,11268,2.00,22494,213,12527,10136,3879,Thailand
 2027/28,11257,2.01,22613,208,12659,10118,3923,Thailand
 2028/29,11256,2.02,22757,204,12818,10100,3966,Thailand
 2016/17,98,5.10,500,280,57,780,71,Turkey
 2017/18,99,5.25,520,350,55,790,96,Turkey
 2018/19,100,5.40,540,350,60,800,126,Turkey
 2019/20,100,5.29,532,347,60,807,137,Turkey
 2020/21,101,5.33,539,343,60,814,145,Turkey
 2021/22,103,5.37,551,333,60,821,148,Turkey
 2022/23,103,5.40,558,330,60,827,149,Turkey
 2023/24,104,5.44,565,328,60,832,149,Turkey
 2024/25,105,5.47,572,327,60,838,149,Turkey
 2025/26,105,5.49,578,326,60,844,150,Turkey
 2026/27,106,5.52,585,325,60,850,150,Turkey
 2027/28,107,5.56,593,323,60,856,151,Turkey
 2028/29,108,5.59,601,320,60,861,151,Turkey
 2016/17,12,3.50,42,76,0,118,0,Ukraine
 2017/18,12,3.50,42,80,0,122,0,Ukraine
 2018/19,12,3.50,42,85,0,127,0,Ukraine
 2019/20,12,3.51,43,86,0,129,0,Ukraine
 2020/21,12,3.52,44,87,0,130,0,Ukraine
 2021/22,13,3.54,44,87,0,131,0,Ukraine
 2022/23,13,3.55,45,87,0,132,0,Ukraine
 2023/24,13,3.57,46,87,0,133,0,Ukraine
 2024/25,13,3.59,47,86,0,133,0,Ukraine
 2025/26,13,3.60,48,86,0,134,0,Ukraine
 2026/27,14,3.62,49,86,0,135,0,Ukraine
 2027/28,14,3.64,50,86,0,136,0,Ukraine
 2028/29,14,3.67,51,86,0,136,0,Ukraine
 2016/17,1253,5.68,7117,745,3645,4230,1462,USA
 2017/18,961,5.89,5659,854,2763,4279,933,USA
 2018/19,1174,5.92,6947,857,3112,4222,1403,USA
 2019/20,1087,6.06,6588,876,3302,4254,1311,USA
 2020/21,1049,6.10,6398,889,3255,4095,1248,USA
 2021/22,1049,6.13,6430,905,3255,4096,1232,USA
 2022/23,1070,6.15,6582,918,3302,4160,1270,USA
 2023/24,1070,6.18,6614,930,3318,4191,1305,USA
 2024/25,1070,6.21,6649,946,3350,4239,1311,USA
 2025/26,1070,6.24,6681,959,3366,4270,1315,USA
 2026/27,1070,6.28,6715,975,3366,4334,1305,USA
 2027/28,1070,6.31,6747,987,3366,4365,1308,USA
 2028/29,1070,6.34,6782,1000,3366,4413,1311,USA
 2016/17,7714,3.55,27400,500,6488,22000,967,Vietnam
 2017/18,7690,3.70,28471,400,7000,21800,1038,Vietnam
 2018/19,7760,3.75,29069,400,7000,22100,1407,Vietnam
 2019/20,7749,3.77,29184,404,7214,22313,1468,Vietnam
 2020/21,7732,3.82,29505,407,7325,22477,1578,Vietnam
 2021/22,7708,3.86,29731,411,7470,22611,1639,Vietnam
 2022/23,7688,3.90,29973,415,7638,22733,1656,Vietnam
 2023/24,7683,3.94,30277,419,7826,22852,1674,Vietnam
 2024/25,7665,3.98,30532,423,7981,22957,1691,Vietnam
 2025/26,7652,4.03,30810,427,8160,23059,1709,Vietnam
 2026/27,7632,4.07,31066,431,8327,23153,1726,Vietnam
 2027/28,7609,4.11,31310,435,8492,23236,1743,Vietnam
 2028/29,7590,4.16,31572,440,8672,23323,1760,Vietnam
 2016/17,161625,3.02,487368,47250,47250,483333,136907,World
 2017/18,161658,3.04,491517,48229,48229,482504,145920,World
 2018/19,161985,3.01,487759,49511,49511,488471,145208,World
 2019/20,162666,3.03,493005,50565,50565,490808,147405,World
 2020/21,162819,3.05,496054,51391,51391,493878,149581,World
 2021/22,163040,3.06,499565,52240,52240,496404,152742,World
 2022/23,163400,3.08,503244,53069,53069,499431,156555,World
 2023/24,163722,3.09,506637,53893,53893,502851,160341,World
 2024/25,164002,3.11,509925,54729,54729,506247,164019,World
 2025/26,164246,3.12,513170,55600,55600,509740,167449,World
 2026/27,164512,3.14,516486,56479,56479,512955,170980,World
 2027/28,164798,3.15,519926,57315,57315,516118,174788,World
 2028/29,165036,3.17,523064,58189,58189,518980,178872,World
