crop_year,harvest_area,yield,production,imports,exports,total_consumption,food_use,feed_seed_and waste,crush,ending_stocks,country
 2016/17,17335,3.17,55000,1674,7026,47834,0,4525,43309,35464,Argentina
 2017/18,16300,2.32,37800,4000,2100,42194,0,4694,37500,32970,Argentina
 2018/19,19000,3.00,57000,2220,8000,47920,0,4920,43000,36270,Argentina
 2019/20,18839,3.03,57101,2275,9942,48586,0,5071,43515,37118,Argentina
 2020/21,19019,3.06,58116,2350,10374,49687,0,5126,44561,37523,Argentina
 2021/22,19255,3.08,59345,2425,10860,50663,0,5150,45513,37770,Argentina
 2022/23,19545,3.11,60839,2500,11486,51624,0,5180,46444,37999,Argentina
 2023/24,19883,3.14,62524,2575,12111,52725,0,5212,47513,38262,Argentina
 2024/25,20119,3.18,63930,2650,12515,53798,0,5238,48560,38529,Argentina
 2025/26,20340,3.21,65308,2725,12916,54850,0,5265,49585,38796,Argentina
 2026/27,20556,3.24,66681,2800,13345,55873,0,5291,50582,39059,Argentina
 2027/28,20756,3.28,68015,2875,13735,56899,0,5315,51584,39315,Argentina
 2028/29,20963,3.31,69382,2950,14087,57972,0,5340,52632,39588,Argentina
 2016/17,33900,3.38,114600,252,63137,43811,0,3400,40411,26462,Brazil
 2017/18,35100,3.41,119800,185,76193,47054,0,3454,43600,23200,Brazil
 2018/19,37500,3.21,120500,350,75000,46200,0,3500,42700,22850,Brazil
 2019/20,37985,3.23,122712,374,74249,47087,0,3815,43272,24600,Brazil
 2020/21,38526,3.26,125746,375,76464,48627,0,3966,44661,25630,Brazil
 2021/22,39251,3.30,129475,379,78030,49983,0,4130,45853,27471,Brazil
 2022/23,40389,3.34,134870,390,80757,51517,0,4315,47202,30457,Brazil
 2023/24,41378,3.38,139899,394,84546,53040,0,4500,48540,33164,Brazil
 2024/25,42215,3.42,144479,396,87611,54810,0,4731,50079,35618,Brazil
 2025/26,42869,3.46,148398,398,89896,57774,0,5993,51781,36744,Brazil
 2026/27,43471,3.50,152130,403,91989,59572,0,6210,53362,37716,Brazil
 2027/28,44086,3.54,156020,407,93721,61814,0,6624,55190,38608,Brazil
 2028/29,44847,3.58,160742,408,96142,64117,0,6959,57158,39499,Brazil
 2016/17,2232,2.96,6597,486,4592,2515,0,657,1858,277,Canada
 2017/18,2935,2.63,7717,487,4928,2921,0,984,1937,632,Canada
 2018/19,2550,2.94,7500,580,5500,2625,0,625,2000,587,Canada
 2019/20,2652,2.94,7798,573,5722,2648,0,619,2029,589,Canada
 2020/21,2739,2.95,8068,567,5933,2702,0,613,2089,589,Canada
 2021/22,2830,2.95,8346,561,6149,2758,0,606,2152,589,Canada
 2022/23,2915,2.96,8617,554,6354,2817,0,601,2216,589,Canada
 2023/24,2997,2.96,8876,548,6550,2872,0,594,2278,591,Canada
 2024/25,3080,2.97,9141,542,6765,2917,0,588,2329,592,Canada
 2025/26,3165,2.98,9416,537,7001,2951,0,583,2368,592,Canada
 2026/27,3239,2.98,9666,531,7205,2992,0,577,2415,592,Canada
 2027/28,3309,2.99,9909,525,7422,3012,0,570,2442,592,Canada
 2028/29,3377,3.01,10148,520,7632,3036,0,565,2471,592,Canada
 2016/17,17,2.53,43,368,0,412,5,7,400,6,Central AM & Carribean
 2017/18,17,2.53,43,382,0,425,5,7,413,6,Central AM & Carribean
 2018/19,17,2.53,43,401,0,443,5,7,431,7,Central AM & Carribean
 2019/20,17,2.56,43,410,0,453,5,7,441,7,Central AM & Carribean
 2020/21,17,2.61,44,420,0,464,5,7,452,7,Central AM & Carribean
 2021/22,17,2.65,45,430,0,475,5,7,463,8,Central AM & Carribean
 2022/23,17,2.70,47,445,0,492,5,7,480,8,Central AM & Carribean
 2023/24,18,2.72,48,461,0,508,5,7,496,8,Central AM & Carribean
 2024/25,18,2.73,49,476,0,525,5,8,512,8,Central AM & Carribean
 2025/26,18,2.74,49,493,0,542,5,8,529,8,Central AM & Carribean
 2026/27,18,2.75,50,510,0,559,5,8,546,9,Central AM & Carribean
 2027/28,18,2.77,51,526,0,576,5,8,563,9,Central AM & Carribean
 2028/29,19,2.79,52,543,0,595,5,8,581,9,Central AM & Carribean
 2016/17,7200,1.79,12900,93495,114,102800,11300,3500,88000,20391,China
 2017/18,7850,1.81,14200,94000,135,106000,12100,3900,90000,22456,China
 2018/19,8400,1.79,15000,94000,100,110600,12900,4200,93500,20756,China
 2019/20,8773,1.81,15895,97642,112,113547,13000,4190,96357,20634,China
 2020/21,9060,1.82,16462,100005,120,116446,13028,4184,99234,20535,China
 2021/22,9239,1.82,16846,102250,131,119018,13129,4197,101692,20482,China
 2022/23,9432,1.83,17250,105598,135,122753,13228,4200,105325,20442,China
 2023/24,9616,1.83,17631,110026,137,127526,13375,4209,109942,20436,China
 2024/25,9783,1.84,17977,113610,136,131445,13527,4221,113697,20442,China
 2025/26,9888,1.84,18206,116760,138,134838,13681,4228,116929,20432,China
 2026/27,9926,1.84,18312,119675,142,137834,13859,4242,119733,20443,China
 2027/28,9961,1.85,18415,122793,146,141066,13958,4253,122855,20439,China
 2028/29,10014,1.85,18550,126091,149,144498,14015,4263,126220,20433,China
 2016/17,     --,     --,     --,120,0,120,0,0,120,0,Cuba
 2017/18,     --,     --,     --,120,0,120,0,0,120,0,Cuba
 2018/19,     --,     --,     --,125,0,125,0,0,125,0,Cuba
 2019/20,     --,     --,     --,130,0,130,0,0,130,0,Cuba
 2020/21,     --,     --,     --,136,0,136,0,0,136,0,Cuba
 2021/22,     --,     --,     --,141,0,141,0,0,141,0,Cuba
 2022/23,     --,     --,     --,149,0,149,0,0,149,0,Cuba
 2023/24,     --,     --,     --,158,0,158,0,0,158,0,Cuba
 2024/25,     --,     --,     --,166,0,166,0,0,166,0,Cuba
 2025/26,     --,     --,     --,174,0,174,0,0,174,0,Cuba
 2026/27,     --,     --,     --,184,0,184,0,0,184,0,Cuba
 2027/28,     --,     --,     --,193,0,193,0,0,193,0,Cuba
 2028/29,     --,     --,     --,202,0,202,0,0,202,0,Cuba
 2016/17,9,2.78,25,2115,0,2242,17,25,2200,76,Egypt
 2017/18,9,2.78,25,3250,0,3242,17,25,3200,109,Egypt
 2018/19,9,2.78,25,3300,0,3342,17,25,3300,92,Egypt
 2019/20,9,2.78,25,3542,0,3565,17,25,3523,94,Egypt
 2020/21,9,2.79,25,3687,0,3711,17,26,3668,94,Egypt
 2021/22,9,2.79,25,3825,0,3850,17,28,3805,95,Egypt
 2022/23,9,2.79,25,3998,0,4024,17,27,3979,95,Egypt
 2023/24,9,2.80,26,4137,0,4162,17,28,4117,95,Egypt
 2024/25,9,2.80,26,4277,0,4302,17,29,4256,96,Egypt
 2025/26,9,2.79,26,4409,0,4435,18,29,4388,97,Egypt
 2026/27,9,2.81,27,4556,0,4582,18,29,4535,98,Egypt
 2027/28,10,2.80,27,4684,0,4710,18,30,4662,99,Egypt
 2028/29,10,2.81,27,4799,0,4825,18,31,4777,100,Egypt
 2016/17,803,3.00,2410,13422,220,16040,240,1400,14400,1131,EU
 2017/18,927,2.88,2667,15000,275,16650,250,1400,15000,1873,EU
 2018/19,930,2.90,2700,15800,300,18250,250,1400,16600,1823,EU
 2019/20,949,2.90,2752,15078,300,18178,251,1391,16536,1175,EU
 2020/21,971,2.91,2824,15651,300,18198,253,1380,16566,1152,EU
 2021/22,991,2.93,2902,15553,300,18179,254,1369,16556,1128,EU
 2022/23,1011,2.96,2990,15454,300,18170,255,1360,16555,1102,EU
 2023/24,1031,2.98,3077,15355,300,18148,256,1350,16542,1086,EU
 2024/25,1051,3.00,3156,15256,300,18134,258,1340,16536,1064,EU
 2025/26,1070,3.02,3228,15157,300,18102,259,1330,16513,1047,EU
 2026/27,1088,3.03,3297,15058,300,18079,260,1321,16498,1023,EU
 2027/28,1106,3.04,3364,14959,300,18036,262,1311,16464,1010,EU
 2028/29,1123,3.06,3433,14884,300,18030,263,1300,16467,997,EU
 2016/17,11183,0.98,10992,79,269,10330,450,880,9000,810,India
 2017/18,10400,0.80,8350,150,250,8900,450,850,7600,160,India
 2018/19,11000,0.94,10350,150,200,10300,450,850,9000,160,India
 2019/20,11479,0.99,11339,150,218,11169,469,870,9829,262,India
 2020/21,11716,1.01,11789,150,234,11605,484,888,10233,362,India
 2021/22,11728,1.03,12028,150,248,11880,499,892,10489,412,India
 2022/23,11853,1.04,12361,150,261,12209,513,896,10800,453,India
 2023/24,11988,1.06,12684,150,273,12520,527,902,11091,494,India
 2024/25,12082,1.07,12946,150,285,12785,541,906,11338,521,India
 2025/26,12220,1.08,13216,150,295,13055,554,911,11590,537,India
 2026/27,12334,1.09,13469,150,305,13303,568,917,11818,548,India
 2027/28,12465,1.10,13738,150,314,13568,583,921,12064,554,India
 2028/29,12588,1.11,14006,150,323,13827,597,926,12305,560,India
 2016/17,430,1.31,565,2649,2,3130,3100,30,0,145,Indonesia
 2017/18,420,1.29,540,2700,2,3240,3200,40,0,143,Indonesia
 2018/19,410,1.27,520,2900,2,3390,3350,40,0,171,Indonesia
 2019/20,409,1.27,519,3005,2,3520,3479,41,0,174,Indonesia
 2020/21,405,1.28,518,3077,2,3591,3551,40,0,175,Indonesia
 2021/22,405,1.29,521,3145,2,3662,3623,39,0,177,Indonesia
 2022/23,407,1.29,527,3201,2,3724,3684,40,0,179,Indonesia
 2023/24,408,1.30,530,3284,2,3810,3770,40,0,181,Indonesia
 2024/25,409,1.30,533,3365,2,3894,3854,40,0,182,Indonesia
 2025/26,410,1.31,537,3461,2,3994,3954,40,0,185,Indonesia
 2026/27,410,1.32,540,3548,2,4084,4044,40,0,187,Indonesia
 2027/28,410,1.33,544,3647,2,4187,4148,39,0,189,Indonesia
 2028/29,410,1.34,549,3747,2,4292,4252,40,0,191,Indonesia
 2016/17,64,2.25,144,1914,0,2057,0,7,2050,56,Iran
 2017/18,70,2.29,160,2500,0,2657,0,7,2650,59,Iran
 2018/19,70,2.29,160,2600,0,2757,0,7,2750,62,Iran
 2019/20,69,2.29,157,2616,0,2772,0,7,2765,63,Iran
 2020/21,70,2.29,160,2705,0,2864,0,7,2857,63,Iran
 2021/22,71,2.29,163,2805,0,2967,0,7,2960,64,Iran
 2022/23,72,2.29,165,2906,0,3070,0,7,3063,65,Iran
 2023/24,73,2.30,167,2996,0,3162,0,8,3154,65,Iran
 2024/25,72,2.30,166,3086,0,3252,0,8,3244,66,Iran
 2025/26,72,2.30,167,3176,0,3342,0,8,3334,67,Iran
 2026/27,73,2.30,168,3271,0,3438,0,7,3431,67,Iran
 2027/28,73,2.31,169,3359,0,3527,0,7,3520,68,Iran
 2028/29,74,2.31,171,3446,0,3616,0,8,3608,69,Iran
 2016/17,150,1.59,238,3175,0,3455,907,156,2392,217,Japan
 2017/18,150,1.66,249,3250,0,3505,995,160,2350,211,Japan
 2018/19,152,1.74,264,3300,0,3520,1005,165,2350,255,Japan
 2019/20,152,1.74,264,3253,0,3515,1007,166,2342,257,Japan
 2020/21,152,1.74,265,3250,0,3513,1009,168,2336,260,Japan
 2021/22,152,1.75,266,3251,0,3514,1010,168,2336,262,Japan
 2022/23,152,1.75,266,3260,0,3523,1011,169,2343,266,Japan
 2023/24,152,1.75,267,3262,0,3526,1012,171,2343,269,Japan
 2024/25,152,1.76,268,3260,0,3525,1013,172,2340,271,Japan
 2025/26,153,1.76,269,3263,0,3529,1014,173,2342,274,Japan
 2026/27,153,1.77,269,3264,0,3531,1015,175,2341,277,Japan
 2027/28,153,1.77,270,3266,0,3533,1015,176,2342,280,Japan
 2028/29,153,1.77,271,3268,0,3536,1016,177,2343,283,Japan
 2016/17,49,1.53,75,1286,0,1349,308,51,990,40,South Korea
 2017/18,46,1.87,86,1330,0,1405,300,50,1055,51,South Korea
 2018/19,57,1.75,100,1400,0,1480,300,50,1130,71,South Korea
 2019/20,62,1.81,113,1394,0,1506,302,50,1155,71,South Korea
 2020/21,67,1.82,123,1407,0,1519,303,50,1166,81,South Korea
 2021/22,67,1.83,123,1421,0,1539,305,50,1184,87,South Korea
 2022/23,68,1.84,124,1434,0,1560,306,51,1203,85,South Korea
 2023/24,68,1.85,125,1448,0,1575,308,50,1217,83,South Korea
 2024/25,68,1.86,126,1461,0,1589,309,51,1229,81,South Korea
 2025/26,68,1.87,127,1475,0,1604,310,51,1243,79,South Korea
 2026/27,68,1.88,128,1488,0,1618,311,51,1256,78,South Korea
 2027/28,68,1.89,129,1502,0,1633,312,51,1270,76,South Korea
 2028/29,68,1.90,130,1515,0,1647,313,51,1283,74,South Korea
 2016/17,     --,     --,     --,768,47,746,165,40,541,45,Malaysia
 2017/18,     --,     --,     --,850,45,800,160,50,590,50,Malaysia
 2018/19,     --,     --,     --,880,45,825,165,50,610,60,Malaysia
 2019/20,     --,     --,     --,885,45,839,168,51,621,61,Malaysia
 2020/21,     --,     --,     --,892,45,846,168,53,626,62,Malaysia
 2021/22,     --,     --,     --,898,45,853,168,53,631,62,Malaysia
 2022/23,     --,     --,     --,918,46,872,170,54,648,62,Malaysia
 2023/24,     --,     --,     --,931,46,884,172,56,656,64,Malaysia
 2024/25,     --,     --,     --,942,46,894,175,57,662,65,Malaysia
 2025/26,     --,     --,     --,953,46,906,178,58,670,66,Malaysia
 2026/27,     --,     --,     --,967,46,919,181,60,678,67,Malaysia
 2027/28,     --,     --,     --,979,46,932,184,62,687,68,Malaysia
 2028/29,     --,     --,     --,991,46,944,187,63,695,70,Malaysia
 2016/17,282,1.85,521,4126,0,4635,0,35,4600,158,Mexico
 2017/18,263,1.65,433,4600,0,5035,0,35,5000,156,Mexico
 2018/19,210,1.62,340,4900,0,5235,0,35,5200,161,Mexico
 2019/20,209,1.63,340,5069,0,5405,0,34,5371,165,Mexico
 2020/21,209,1.63,341,5140,0,5478,0,35,5443,169,Mexico
 2021/22,211,1.64,345,5213,0,5554,0,34,5520,172,Mexico
 2022/23,213,1.64,350,5311,0,5657,0,34,5623,176,Mexico
 2023/24,215,1.65,354,5401,0,5751,0,33,5718,180,Mexico
 2024/25,216,1.66,358,5489,0,5843,0,33,5810,184,Mexico
 2025/26,217,1.67,361,5575,0,5932,0,33,5899,188,Mexico
 2026/27,218,1.67,364,5675,0,6035,0,34,6001,193,Mexico
 2027/28,219,1.68,367,5757,0,6120,0,34,6086,197,Mexico
 2028/29,220,1.69,370,5831,0,6197,0,33,6164,201,Mexico
 2016/17,325,1.36,442,23,0,430,167,75,188,44,Other Asia & Oceania
 2017/18,300,1.28,383,22,0,425,167,70,188,24,Other Asia & Oceania
 2018/19,300,1.28,385,23,0,416,167,70,179,16,Other Asia & Oceania
 2019/20,302,1.28,388,28,0,420,170,71,179,12,Other Asia & Oceania
 2020/21,304,1.29,391,39,0,429,173,72,185,13,Other Asia & Oceania
 2021/22,307,1.29,395,40,0,435,176,72,187,13,Other Asia & Oceania
 2022/23,309,1.29,399,43,0,442,179,73,191,13,Other Asia & Oceania
 2023/24,312,1.29,403,48,0,451,182,73,195,13,Other Asia & Oceania
 2024/25,314,1.29,406,52,0,457,186,74,197,14,Other Asia & Oceania
 2025/26,316,1.29,408,55,0,463,189,75,199,14,Other Asia & Oceania
 2026/27,318,1.29,411,58,0,469,193,76,200,14,Other Asia & Oceania
 2027/28,320,1.29,414,63,0,476,196,77,203,14,Other Asia & Oceania
 2028/29,323,1.29,417,66,0,483,200,77,206,15,Other Asia & Oceania
 2016/17,191,3.46,660,478,186,968,11,24,933,7,Other Europe
 2017/18,206,2.28,470,583,25,989,11,13,965,46,Other Europe
 2018/19,226,2.81,635,593,150,1083,11,23,1049,41,Other Europe
 2019/20,230,2.81,646,586,150,1083,11,23,1048,41,Other Europe
 2020/21,238,2.82,671,589,149,1111,12,23,1076,42,Other Europe
 2021/22,246,2.83,695,592,148,1138,12,23,1103,42,Other Europe
 2022/23,251,2.84,711,592,149,1154,12,24,1118,43,Other Europe
 2023/24,256,2.84,727,592,150,1169,12,24,1133,43,Other Europe
 2024/25,261,2.84,741,594,150,1184,13,24,1147,44,Other Europe
 2025/26,266,2.84,754,596,150,1200,13,25,1162,44,Other Europe
 2026/27,270,2.84,765,598,150,1213,14,25,1174,44,Other Europe
 2027/28,274,2.84,777,601,150,1226,14,26,1187,45,Other Europe
 2028/29,277,2.84,788,603,151,1240,14,26,1200,45,Other Europe
 2016/17,1,2.00,2,397,0,416,16,11,389,6,Other Middle East
 2017/18,1,2.00,2,465,0,450,16,11,423,23,Other Middle East
 2018/19,1,2.00,2,470,0,465,16,11,438,30,Other Middle East
 2019/20,1,2.00,2,476,0,478,16,11,450,30,Other Middle East
 2020/21,1,2.02,2,487,0,489,17,11,461,31,Other Middle East
 2021/22,1,2.02,2,498,0,500,17,11,472,31,Other Middle East
 2022/23,1,2.04,2,510,0,512,17,12,483,32,Other Middle East
 2023/24,1,2.03,2,519,0,521,17,11,492,32,Other Middle East
 2024/25,1,2.06,2,529,0,531,18,11,502,33,Other Middle East
 2025/26,1,2.05,2,541,0,543,18,11,513,33,Other Middle East
 2026/27,1,2.06,2,553,0,555,18,12,524,34,Other Middle East
 2027/28,1,2.06,2,564,0,566,19,12,535,34,Other Middle East
 2028/29,1,2.06,2,573,0,575,19,11,544,35,Other Middle East
 2016/17,     --,     --,     --,538,0,572,0,5,567,2,Other North Africa
 2017/18,     --,     --,     --,720,0,695,0,5,690,27,Other North Africa
 2018/19,     --,     --,     --,805,0,795,0,5,790,37,Other North Africa
 2019/20,     --,     --,     --,846,0,846,0,5,841,37,Other North Africa
 2020/21,     --,     --,     --,858,0,858,0,5,853,37,Other North Africa
 2021/22,     --,     --,     --,873,0,873,0,5,868,37,Other North Africa
 2022/23,     --,     --,     --,892,0,892,0,5,887,37,Other North Africa
 2023/24,     --,     --,     --,909,0,909,0,5,904,37,Other North Africa
 2024/25,     --,     --,     --,928,0,928,0,5,923,37,Other North Africa
 2025/26,     --,     --,     --,947,0,947,0,5,942,37,Other North Africa
 2026/27,     --,     --,     --,970,0,970,0,6,964,38,Other North Africa
 2027/28,     --,     --,     --,988,0,988,0,5,983,38,Other North Africa
 2028/29,     --,     --,     --,1005,0,1005,0,5,1000,38,Other North Africa
 2016/17,5714,2.77,15850,1170,9374,7537,76,742,6719,933,Other South America
 2017/18,6101,2.29,13944,1106,7517,8069,76,826,7167,397,Other South America
 2018/19,6244,2.43,15188,1170,8343,8166,76,853,7237,246,Other South America
 2019/20,6323,2.49,15753,1210,8533,8421,76,878,7467,255,Other South America
 2020/21,6399,2.53,16196,1266,8878,8580,75,882,7623,259,Other South America
 2021/22,6487,2.57,16682,1304,9230,8751,75,883,7793,264,Other South America
 2022/23,6576,2.61,17150,1343,9589,8900,75,889,7937,268,Other South America
 2023/24,6668,2.65,17667,1381,9957,9092,75,887,8131,267,Other South America
 2024/25,6762,2.69,18203,1418,10331,9291,75,888,8328,266,Other South America
 2025/26,6863,2.74,18771,1456,10714,9515,75,886,8554,264,Other South America
 2026/27,6963,2.78,19348,1493,11102,9739,75,888,8776,264,Other South America
 2027/28,7061,2.82,19899,1532,11476,9957,75,883,8999,262,Other South America
 2028/29,7165,2.86,20480,1579,11806,10256,74,880,9302,259,Other South America
 2016/17,2,1.00,2,1668,0,1682,0,2,1680,27,Pakistan
 2017/18,2,1.00,2,2300,0,2302,0,2,2300,27,Pakistan
 2018/19,2,1.00,2,2450,0,2402,0,2,2400,77,Pakistan
 2019/20,2,1.00,2,2537,0,2537,0,2,2535,79,Pakistan
 2020/21,2,1.00,2,2675,0,2675,0,1,2674,80,Pakistan
 2021/22,2,1.00,2,2845,0,2845,0,1,2844,82,Pakistan
 2022/23,2,1.00,2,3012,0,3012,0,1,3011,83,Pakistan
 2023/24,2,1.00,2,3161,0,3161,0,2,3159,85,Pakistan
 2024/25,2,1.00,2,3317,0,3317,0,2,3315,87,Pakistan
 2025/26,2,1.00,2,3482,0,3482,0,2,3480,88,Pakistan
 2026/27,2,1.00,2,3640,0,3640,0,2,3638,90,Pakistan
 2027/28,2,1.00,2,3788,0,3788,0,2,3786,92,Pakistan
 2028/29,2,1.00,2,3931,0,3931,0,2,3929,94,Pakistan
 2016/17,1,1.00,1,248,0,240,25,95,120,69,Philippines
 2017/18,1,1.00,1,200,0,240,25,95,120,30,Philippines
 2018/19,1,1.00,1,240,0,240,25,95,120,31,Philippines
 2019/20,1,1.01,1,242,0,243,26,95,122,31,Philippines
 2020/21,1,1.02,1,242,0,243,27,95,122,31,Philippines
 2021/22,1,1.03,1,245,0,246,27,95,124,31,Philippines
 2022/23,1,1.04,1,250,0,251,28,95,128,31,Philippines
 2023/24,1,1.04,1,255,0,256,29,95,131,31,Philippines
 2024/25,1,1.05,1,259,0,260,31,95,134,31,Philippines
 2025/26,1,1.06,1,263,0,264,33,95,136,31,Philippines
 2026/27,1,1.05,1,267,0,268,35,95,139,31,Philippines
 2027/28,1,1.07,1,272,0,273,36,95,142,31,Philippines
 2028/29,1,1.07,1,276,0,277,38,95,144,32,Philippines
 2016/17,2118,1.48,3134,2221,375,4950,100,450,4400,176,Russia
 2017/18,2568,1.41,3621,2350,900,5150,100,450,4600,97,Russia
 2018/19,2850,1.37,3900,2450,700,5650,100,450,5100,97,Russia
 2019/20,2895,1.38,3992,2085,375,5703,100,453,5150,96,Russia
 2020/21,2940,1.40,4127,2029,400,5758,100,456,5202,94,Russia
 2021/22,2989,1.43,4286,1897,425,5760,100,457,5203,93,Russia
 2022/23,3038,1.46,4446,1826,450,5823,100,456,5267,91,Russia
 2023/24,3087,1.49,4602,1822,475,5949,101,455,5394,91,Russia
 2024/25,3135,1.51,4742,1780,500,6022,101,457,5464,91,Russia
 2025/26,3181,1.53,4878,1796,520,6154,101,458,5595,91,Russia
 2026/27,3229,1.56,5025,1799,535,6289,102,460,5728,91,Russia
 2027/28,3276,1.58,5168,1817,550,6435,102,463,5871,90,Russia
 2028/29,3325,1.60,5326,1838,565,6599,102,465,6033,90,Russia
 2016/17,     --,     --,     --,650,0,710,0,10,700,81,Saudi Arabia
 2017/18,     --,     --,     --,700,0,735,0,10,725,46,Saudi Arabia
 2018/19,     --,     --,     --,750,0,760,0,10,750,36,Saudi Arabia
 2019/20,     --,     --,     --,784,0,783,0,10,773,36,Saudi Arabia
 2020/21,     --,     --,     --,801,0,801,0,10,791,37,Saudi Arabia
 2021/22,     --,     --,     --,826,0,825,0,10,815,37,Saudi Arabia
 2022/23,     --,     --,     --,852,0,851,0,11,840,38,Saudi Arabia
 2023/24,     --,     --,     --,873,0,873,0,13,860,38,Saudi Arabia
 2024/25,     --,     --,     --,894,0,893,0,13,880,38,Saudi Arabia
 2025/26,     --,     --,     --,915,0,915,0,14,901,39,Saudi Arabia
 2026/27,     --,     --,     --,938,0,938,0,15,923,39,Saudi Arabia
 2027/28,     --,     --,     --,961,0,961,0,16,945,39,Saudi Arabia
 2028/29,     --,     --,     --,983,0,983,0,16,967,40,Saudi Arabia
 2016/17,574,2.29,1316,35,4,1198,28,170,1000,150,South Africa Republic
 2017/18,787,1.97,1551,25,5,1410,30,180,1200,311,South Africa Republic
 2018/19,900,1.75,1575,20,10,1570,30,190,1350,326,South Africa Republic
 2019/20,932,1.75,1631,50,10,1669,0,228,1441,328,South Africa Republic
 2020/21,967,1.75,1693,51,9,1735,0,232,1503,329,South Africa Republic
 2021/22,1005,1.75,1758,51,9,1800,0,234,1566,329,South Africa Republic
 2022/23,1043,1.75,1825,50,10,1866,0,236,1630,329,South Africa Republic
 2023/24,1085,1.75,1898,49,8,1939,0,241,1698,329,South Africa Republic
 2024/25,1128,1.75,1974,47,9,2013,0,247,1766,329,South Africa Republic
 2025/26,1162,1.75,2034,44,8,2070,0,247,1823,329,South Africa Republic
 2026/27,1205,1.75,2108,40,8,2140,0,251,1889,328,South Africa Republic
 2027/28,1239,1.75,2168,36,9,2196,0,252,1944,327,South Africa Republic
 2028/29,1274,1.75,2229,31,9,2252,0,253,1999,326,South Africa Republic
 2016/17,4,1.00,4,2566,0,2515,290,180,2045,372,Taiwan
 2017/18,5,1.60,8,2550,0,2550,290,180,2080,380,Taiwan
 2018/19,5,1.60,8,2580,0,2580,300,180,2100,388,Taiwan
 2019/20,5,1.60,8,2568,0,2585,303,184,2098,380,Taiwan
 2020/21,6,1.61,9,2578,0,2589,305,187,2097,378,Taiwan
 2021/22,6,1.61,9,2627,0,2621,307,191,2123,394,Taiwan
 2022/23,6,1.61,10,2648,0,2643,309,195,2140,408,Taiwan
 2023/24,6,1.62,10,2654,0,2654,311,199,2144,419,Taiwan
 2024/25,7,1.62,11,2662,0,2665,313,203,2149,426,Taiwan
 2025/26,7,1.62,11,2664,0,2669,315,206,2148,432,Taiwan
 2026/27,7,1.63,11,2664,0,2669,317,211,2141,438,Taiwan
 2027/28,7,1.63,12,2661,0,2668,319,215,2134,443,Taiwan
 2028/29,8,1.63,12,2660,0,2667,321,219,2127,448,Taiwan
 2016/17,32,1.78,57,3077,5,3110,260,900,1950,228,Thailand
 2017/18,35,1.57,55,2450,5,2560,260,900,1400,168,Thailand
 2018/19,34,1.47,50,3200,5,3185,260,900,2025,228,Thailand
 2019/20,34,1.50,51,3215,5,3256,262,923,2072,233,Thailand
 2020/21,34,1.63,56,3288,5,3334,263,940,2131,238,Thailand
 2021/22,35,1.80,63,3361,5,3414,266,957,2190,243,Thailand
 2022/23,36,1.85,66,3434,5,3490,270,978,2242,248,Thailand
 2023/24,37,1.88,69,3507,5,3566,274,1000,2292,252,Thailand
 2024/25,37,1.90,71,3580,5,3641,278,1024,2339,257,Thailand
 2025/26,38,1.91,72,3653,5,3715,282,1048,2385,261,Thailand
 2026/27,38,1.93,73,3726,5,3790,287,1073,2430,266,Thailand
 2027/28,38,1.94,74,3798,5,3863,291,1098,2474,270,Thailand
 2028/29,39,1.96,76,3871,5,3938,295,1123,2519,274,Thailand
 2016/17,30,3.33,100,2271,132,2200,0,1200,1000,313,Turkey
 2017/18,24,3.75,90,2600,25,2550,0,1300,1250,428,Turkey
 2018/19,26,3.81,99,2600,25,2730,0,1380,1350,372,Turkey
 2019/20,26,3.84,98,2734,28,2797,0,1415,1382,379,Turkey
 2020/21,25,3.87,98,2784,30,2847,0,1435,1412,384,Turkey
 2021/22,25,3.89,98,2847,34,2906,0,1462,1444,389,Turkey
 2022/23,25,3.94,98,2912,37,2968,0,1490,1478,393,Turkey
 2023/24,25,3.96,97,2973,41,3023,0,1515,1508,399,Turkey
 2024/25,24,3.99,97,3035,45,3079,0,1542,1537,407,Turkey
 2025/26,24,4.03,96,3098,49,3139,0,1572,1567,413,Turkey
 2026/27,24,4.06,96,3161,53,3197,0,1602,1595,421,Turkey
 2027/28,23,4.09,95,3225,58,3256,0,1631,1625,428,Turkey
 2028/29,23,4.11,95,3288,64,3312,0,1656,1656,434,Turkey
 2016/17,1858,2.31,4286,7,2904,1351,1,550,800,151,Ukraine
 2017/18,1976,1.97,3890,5,2765,1251,1,300,950,30,Ukraine
 2018/19,1700,2.47,4200,5,2950,1231,1,380,850,54,Ukraine
 2019/20,1884,2.20,4138,5,2973,1181,1,309,871,43,Ukraine
 2020/21,1947,2.23,4349,5,3148,1201,1,308,892,49,Ukraine
 2021/22,1970,2.27,4478,5,3255,1223,1,309,913,54,Ukraine
 2022/23,1968,2.31,4550,5,3301,1248,1,311,935,60,Ukraine
 2023/24,1971,2.34,4620,5,3350,1273,1,315,957,63,Ukraine
 2024/25,1990,2.37,4720,5,3429,1296,1,314,981,63,Ukraine
 2025/26,2006,2.40,4822,5,3503,1322,1,316,1005,65,Ukraine
 2026/27,2014,2.43,4894,5,3548,1349,1,317,1030,67,Ukraine
 2027/28,2023,2.47,4991,5,3619,1375,1,319,1055,69,Ukraine
 2028/29,2028,2.50,5080,5,3679,1403,1,321,1081,73,Ukraine
 2016/17,33466,3.49,116920,606,58960,55712,0,3970,51742,8208,USA
 2017/18,36228,3.31,120039,594,57945,58973,0,3047,55926,11923,USA
 2018/19,35753,3.57,127631,680,56064,60082,0,3746,56336,24088,USA
 2019/20,33103,3.36,111312,680,56472,59931,0,3459,56472,19677,USA
 2020/21,33103,3.40,112536,680,56880,60636,0,3483,57153,15377,USA
 2021/22,33306,3.44,114441,680,57153,61234,0,3537,57697,12111,USA
 2022/23,33468,3.47,116210,680,57425,61778,0,3537,58241,9798,USA
 2023/24,33670,3.51,118252,680,57697,62378,0,3592,58786,8655,USA
 2024/25,33872,3.55,120157,680,57969,63195,0,3593,59602,8328,USA
 2025/26,34075,3.59,122198,680,58650,63929,0,3647,60282,8627,USA
 2026/27,34075,3.62,123423,680,59330,64609,0,3646,60963,8791,USA
 2027/28,34277,3.66,125464,680,60555,65317,0,3674,61643,9063,USA
 2028/29,34277,3.70,126688,680,61371,65861,0,3673,62188,9199,USA
 2016/17,69,1.48,102,1646,0,1710,430,180,1100,514,Vietnam
 2017/18,60,1.50,90,1850,0,2100,460,190,1450,354,Vietnam
 2018/19,60,1.50,90,2150,0,2240,490,200,1550,354,Vietnam
 2019/20,61,1.50,92,2245,0,2326,514,209,1603,365,Vietnam
 2020/21,62,1.51,94,2330,0,2421,533,212,1676,368,Vietnam
 2021/22,64,1.52,96,2415,0,2509,551,214,1744,371,Vietnam
 2022/23,65,1.52,99,2500,0,2597,569,216,1812,373,Vietnam
 2023/24,67,1.53,103,2585,0,2682,590,224,1869,378,Vietnam
 2024/25,69,1.53,106,2669,0,2768,609,233,1926,385,Vietnam
 2025/26,70,1.54,108,2753,0,2856,629,240,1987,390,Vietnam
 2026/27,71,1.55,111,2836,0,2941,649,248,2043,396,Vietnam
 2027/28,72,1.56,113,2921,0,3029,669,258,2103,400,Vietnam
 2028/29,74,1.57,116,3004,0,3115,689,265,2161,405,Vietnam
 2016/17,119004,2.93,348121,147356,147356,331868,18196,26462,287210,96676,World
 2017/18,123837,2.72,337452,153124,153124,337474,19218,24117,294139,96654,World
 2018/19,129420,2.85,369479,157403,157403,356089,20228,27660,308201,110044,World
 2019/20,127431,2.81,358470,159143,159143,361214,20177,28590,312447,107300,World
 2020/21,129017,2.84,366047,162981,162981,368893,20324,28633,319936,104454,World
 2021/22,130697,2.87,374827,166033,166033,375978,20541,28994,326443,103303,World
 2022/23,132902,2.90,385435,170317,170317,384511,20748,29330,334433,104227,World
 2023/24,135052,2.93,396140,175656,175656,394250,21034,29732,343484,106117,World
 2024/25,136909,2.96,405909,180107,180107,403464,21325,30124,352015,108562,World
 2025/26,138542,3.00,415032,184202,184202,413316,21629,31597,360090,110278,World
 2026/27,139812,3.03,422980,188073,188073,421543,21951,31985,367607,111715,World
 2027/28,141281,3.06,431851,192117,192117,430410,22205,32583,375622,113156,World
 2028/29,142713,3.09,440839,196338,196338,439518,22417,33069,384032,114477,World
